{"Female_mae":19.729768753051758,"val_rmse":22.06975746154785,"_timestamp":1.746228016265195e+09,"Male_mae":20.67513084411621,"Male_rmse":22.363428115844727,"Female_rmse":21.677875518798828,"_step":5,"_wandb":{"runtime":815},"train_loss":542.7191195003711,"val_mae":20.266563415527344,"epoch":2,"_runtime":602.931237}